{"cameraMode":{"drawMode":0,"name":"Shaded","section":"Shading Mode"},"sceneLighting":true,"audioPlay":false,"sceneViewState":{"showFog":true,"showMaterialUpdate":false,"showSkybox":true,"showFlares":true,"showImageEffects":true,"showParticleSystems":true},"in2DMode":false,"pivot":{"x":-0.3291308283805847,"y":-15.417259216308594,"z":-1.2408695220947266},"rotation":{"x":-0.0006576509331353009,"y":-0.8836042881011963,"z":0.4682324528694153,"w":-0.0012220655335113407},"size":52.06021499633789,"orthographic":false}