{"cameraMode":{"drawMode":0,"name":"Shaded","section":"Shading Mode"},"sceneLighting":true,"audioPlay":false,"sceneViewState":{"showFog":true,"showMaterialUpdate":false,"showSkybox":true,"showFlares":true,"showImageEffects":true,"showParticleSystems":true},"in2DMode":false,"pivot":{"x":827.3692016601563,"y":374.763671875,"z":997.0430908203125},"rotation":{"x":0.05527133122086525,"y":-0.0028611826710402967,"z":0.00016758519632276148,"w":0.9984673261642456},"size":3123.413818359375,"orthographic":false}